width,height,center_x,center_y,kedalamanObjek,fl_px,ImageWidth,ImageLength,FocalLength,FocalLengthIn35mmFilm,TinggiAktual
954.4799999999999,277.45,513.1899999999999,365.405,1.712099552154541,922.2722778320312,,,,,175
954.5500000000001,277.48,513.195,365.40999999999997,1.7130553722381592,922.6199340820312,4640,3472,5.43,25,175
